naturalId,metric,t_index,value
fred/companies/F2K/2025/2370,revenue,0,285106.0
fred/companies/F2K/2025/2370,revenue,1,252912.0
fred/companies/F2K/2025/2370,revenue,2,179933.0
fred/companies/F2K/2025/2370,revenue,3,124542.0
fred/companies/F2K/2025/2370,revenue,4,136187.0
fred/companies/F2K/2025/2370,revenue,5,142927.0
fred/companies/F2K/2025/2370,revenue,6,132912.0
fred/companies/F2K/2025/2370,revenue,7,118180.0
fred/companies/F2K/2025/2370,revenue,8,102494.0
fred/companies/F2K/2025/2370,revenue,9,99881.0
fred/companies/F2K/2025/2370,profits,0,59358.0
fred/companies/F2K/2025/2370,profits,1,50050.0
fred/companies/F2K/2025/2370,profits,2,41795.0
fred/companies/F2K/2025/2370,profits,3,42115.0
fred/companies/F2K/2025/2370,profits,4,40371.0
fred/companies/F2K/2025/2370,profits,5,29954.0
fred/companies/F2K/2025/2370,profits,6,32738.0
fred/companies/F2K/2025/2370,profits,7,26496.0
fred/companies/F2K/2025/2370,profits,8,24231.0
fred/companies/F2K/2025/2370,profits,9,23548.0
fred/companies/F2K/2025/2370,assets,0,4357856.0
fred/companies/F2K/2025/2370,assets,1,4090727.0
fred/companies/F2K/2025/2370,assets,2,3744305.0
fred/companies/F2K/2025/2370,assets,3,3954687.0
fred/companies/F2K/2025/2370,assets,4,3689336.0
fred/companies/F2K/2025/2370,assets,5,3139431.0
fred/companies/F2K/2025/2370,assets,6,2737188.0
fred/companies/F2K/2025/2370,assets,7,2609785.0
fred/companies/F2K/2025/2370,assets,8,2512986.0
fred/companies/F2K/2025/2370,assets,9,2423808.0
fred/companies/F2K/2025/2370,employees,0,317233.0
fred/companies/F2K/2025/2370,employees,1,186751.0
fred/companies/F2K/2025/2370,employees,2,293723.0
fred/companies/F2K/2025/2370,employees,3,271025.0
fred/companies/F2K/2025/2370,employees,4,255351.0
fred/companies/F2K/2025/2370,employees,5,256981.0
fred/companies/F2K/2025/2370,employees,6,256105.0
fred/companies/F2K/2025/2370,employees,7,167000.0
fred/companies/F2K/2025/2370,employees,8,243355.0
fred/companies/F2K/2025/2370,employees,9,234598.0
fred/companies/F2K/2025/595,revenue,0,371433.0
fred/companies/F2K/2025/595,revenue,1,368958.0
fred/companies/F2K/2025/595,revenue,2,302089.0
fred/companies/F2K/2025/595,revenue,3,276094.0
fred/companies/F2K/2025/595,revenue,4,245510.0
fred/companies/F2K/2025/595,revenue,5,254616.0
fred/companies/F2K/2025/595,revenue,6,247837.0
fred/companies/F2K/2025/595,revenue,7,235165.0
fred/companies/F2K/2025/595,revenue,8,222935.0
fred/companies/F2K/2025/595,revenue,9,210821.0
fred/companies/F2K/2025/595,profits,0,88995.0
fred/companies/F2K/2025/595,profits,1,73421.0
fred/companies/F2K/2025/595,profits,2,-22819.0
fred/companies/F2K/2025/595,profits,3,89795.0
fred/companies/F2K/2025/595,profits,4,42521.0
fred/companies/F2K/2025/595,profits,5,81417.0
fred/companies/F2K/2025/595,profits,6,4021.0
fred/companies/F2K/2025/595,profits,7,39742.0
fred/companies/F2K/2025/595,profits,8,24074.0
fred/companies/F2K/2025/595,profits,9,24083.0
fred/companies/F2K/2025/595,assets,0,1153881.0
fred/companies/F2K/2025/595,assets,1,1070035.0
fred/companies/F2K/2025/595,assets,2,948452.0
fred/companies/F2K/2025/595,assets,3,958784.0
fred/companies/F2K/2025/595,assets,4,873729.0
fred/companies/F2K/2025/595,assets,5,817729.0
fred/companies/F2K/2025/595,assets,6,707794.0
fred/companies/F2K/2025/595,assets,7,702651.0
fred/companies/F2K/2025/595,assets,8,620854.0
fred/companies/F2K/2025/595,assets,9,561068.0
fred/companies/F2K/2025/595,employees,0,392400.0
fred/companies/F2K/2025/595,employees,1,396500.0
fred/companies/F2K/2025/595,employees,2,383000.0
fred/companies/F2K/2025/595,employees,3,372000.0
fred/companies/F2K/2025/595,employees,4,360000.0
fred/companies/F2K/2025/595,employees,5,391500.0
fred/companies/F2K/2025/595,employees,6,389000.0
fred/companies/F2K/2025/595,employees,7,377000.0
fred/companies/F2K/2025/595,employees,8,367700.0
fred/companies/F2K/2025/595,employees,9,331000.0
fred/companies/F2K/2025/2176,revenue,0,221963.0
fred/companies/F2K/2025/2176,revenue,1,223846.98
fred/companies/F2K/2025/2176,revenue,2,216767.44
fred/companies/F2K/2025/2176,revenue,3,208127.02
fred/companies/F2K/2025/2176,revenue,4,190467.0
fred/companies/F2K/2025/2176,revenue,5,177230.48
fred/companies/F2K/2025/2176,revenue,6,175874.0
fred/companies/F2K/2025/2176,revenue,7,165337.86
fred/companies/F2K/2025/2176,revenue,8,151381.0
fred/companies/F2K/2025/2176,revenue,9,171076.84
fred/companies/F2K/2025/2176,profits,0,50843.1
fred/companies/F2K/2025/2176,profits,1,50383.62
fred/companies/F2K/2025/2176,profits,2,52470.81
fred/companies/F2K/2025/2176,profits,3,54028.27
fred/companies/F2K/2025/2176,profits,4,45768.656
fred/companies/F2K/2025/2176,profits,5,45283.625
fred/companies/F2K/2025/2176,profits,6,45223.0
fred/companies/F2K/2025/2176,profits,7,43669.414
fred/companies/F2K/2025/2176,profits,8,41983.7
fred/companies/F2K/2025/2176,profits,9,44160.28
fred/companies/F2K/2025/2176,assets,0,6688598.0
fred/companies/F2K/2025/2176,assets,1,6586014.0
fred/companies/F2K/2025/2176,assets,2,6116824.0
fred/companies/F2K/2025/2176,assets,3,5518508.0
fred/companies/F2K/2025/2176,assets,4,4914670.0
fred/companies/F2K/2025/2176,assets,5,4322528.5
fred/companies/F2K/2025/2176,assets,6,4034482.0
fred/companies/F2K/2025/2176,assets,7,4210927.0
fred/companies/F2K/2025/2176,assets,8,3473238.0
fred/companies/F2K/2025/2176,assets,9,3420256.8
fred/companies/F2K/2025/2176,employees,0,415159.0
fred/companies/F2K/2025/2176,employees,1,419252.0
fred/companies/F2K/2025/2176,employees,2,427587.0
fred/companies/F2K/2025/2176,employees,3,449296.0
fred/companies/F2K/2025/2176,employees,4,453048.0
fred/companies/F2K/2025/2176,employees,5,461749.0
fred/companies/F2K/2025/2176,employees,6,466346.0
fred/companies/F2K/2025/111716,revenue,0,480146.0
fred/companies/F2K/2025/111716,revenue,1,489074.7
fred/companies/F2K/2025/111716,revenue,2,589467.0
fred/companies/F2K/2025/111716,revenue,3,400375.8
fred/companies/F2K/2025/111716,revenue,4,229747.42
fred/companies/F2K/2025/111716,revenue,5,329762.12
fred/companies/F2K/2025/111716,profits,0,104971.8
fred/companies/F2K/2025/111716,profits,1,116947.375
fred/companies/F2K/2025/111716,profits,2,156357.0
fred/companies/F2K/2025/111716,profits,3,105362.99
fred/companies/F2K/2025/111716,profits,4,49282.816
fred/companies/F2K/2025/111716,profits,5,88204.98
fred/companies/F2K/2025/111716,assets,0,645028.0
fred/companies/F2K/2025/111716,assets,1,661544.56
fred/companies/F2K/2025/111716,assets,2,660990.0
fred/companies/F2K/2025/111716,assets,3,576041.44
fred/companies/F2K/2025/111716,assets,4,510251.88
fred/companies/F2K/2025/111716,assets,5,398295.5
fred/companies/F2K/2025/111716,employees,0,75118.0
fred/companies/F2K/2025/111716,employees,1,68493.0
fred/companies/F2K/2025/111716,employees,2,66800.0
fred/companies/F2K/2025/111716,employees,3,69867.0
fred/companies/F2K/2025/196,revenue,0,637959.0
fred/companies/F2K/2025/196,revenue,1,590740.0
fred/companies/F2K/2025/196,revenue,2,524897.0
fred/companies/F2K/2025/196,revenue,3,469822.0
fred/companies/F2K/2025/196,revenue,4,386064.0
fred/companies/F2K/2025/196,revenue,5,296274.0
fred/companies/F2K/2025/196,revenue,6,232887.0
fred/companies/F2K/2025/196,revenue,7,193194.0
fred/companies/F2K/2025/196,revenue,8,135987.0
fred/companies/F2K/2025/196,revenue,9,107007.0
fred/companies/F2K/2025/196,profits,0,59248.0
fred/companies/F2K/2025/196,profits,1,37684.0
fred/companies/F2K/2025/196,profits,2,4294.0
fred/companies/F2K/2025/196,profits,3,33364.0
fred/companies/F2K/2025/196,profits,4,21331.0
fred/companies/F2K/2025/196,profits,5,10562.0
fred/companies/F2K/2025/196,profits,6,10073.0
fred/companies/F2K/2025/196,profits,7,3938.0
fred/companies/F2K/2025/196,profits,8,2371.0
fred/companies/F2K/2025/196,profits,9,596.0
fred/companies/F2K/2025/196,assets,0,624894.0
fred/companies/F2K/2025/196,assets,1,530969.0
fred/companies/F2K/2025/196,assets,2,464378.0
fred/companies/F2K/2025/196,assets,3,420549.0
fred/companies/F2K/2025/196,assets,4,321195.0
fred/companies/F2K/2025/196,assets,5,221238.0
fred/companies/F2K/2025/196,assets,6,162648.0
fred/companies/F2K/2025/196,assets,7,126362.0
fred/companies/F2K/2025/196,assets,8,86022.0
fred/companies/F2K/2025/196,assets,9,67705.0
fred/companies/F2K/2025/196,employees,0,1556000.0
fred/companies/F2K/2025/196,employees,1,1525000.0
fred/companies/F2K/2025/196,employees,2,1541000.0
fred/companies/F2K/2025/196,employees,3,1608000.0
fred/companies/F2K/2025/196,employees,4,1298000.0
fred/companies/F2K/2025/196,employees,5,798000.0
fred/companies/F2K/2025/196,employees,6,647500.0
fred/companies/F2K/2025/196,employees,7,563100.0
fred/companies/F2K/2025/196,employees,8,341400.0
fred/companies/F2K/2025/196,employees,9,230800.0
fred/companies/F2K/2025/477,revenue,0,196533.0
fred/companies/F2K/2025/477,revenue,1,183282.0
fred/companies/F2K/2025/477,revenue,2,133841.0
fred/companies/F2K/2025/477,revenue,3,96826.0
fred/companies/F2K/2025/477,revenue,4,98841.0
fred/companies/F2K/2025/477,revenue,5,112065.0
fred/companies/F2K/2025/477,revenue,6,111904.0
fred/companies/F2K/2025/477,revenue,7,102978.0
fred/companies/F2K/2025/477,revenue,8,92214.0
fred/companies/F2K/2025/477,revenue,9,91496.0
fred/companies/F2K/2025/477,profits,0,27854.0
fred/companies/F2K/2025/477,profits,1,25028.0
fred/companies/F2K/2025/477,profits,2,28622.0
fred/companies/F2K/2025/477,profits,3,30995.0
fred/companies/F2K/2025/477,profits,4,17894.0
fred/companies/F2K/2025/477,profits,5,24129.0
fred/companies/F2K/2025/477,profits,6,28540.0
fred/companies/F2K/2025/477,profits,7,20294.0
fred/companies/F2K/2025/477,profits,8,16563.0
fred/companies/F2K/2025/477,profits,9,15844.0
fred/companies/F2K/2025/477,assets,0,3349424.0
fred/companies/F2K/2025/477,assets,1,3273803.0
fred/companies/F2K/2025/477,assets,2,3194657.0
fred/companies/F2K/2025/477,assets,3,3238223.0
fred/companies/F2K/2025/477,assets,4,2832182.0
fred/companies/F2K/2025/477,assets,5,2619954.0
fred/companies/F2K/2025/477,assets,6,2377164.0
fred/companies/F2K/2025/477,assets,7,2328478.0
fred/companies/F2K/2025/477,assets,8,2196847.0
fred/companies/F2K/2025/477,assets,9,2185498.0
fred/companies/F2K/2025/477,employees,0,213000.0
fred/companies/F2K/2025/477,employees,1,213000.0
fred/companies/F2K/2025/477,employees,2,217000.0
fred/companies/F2K/2025/477,employees,3,208000.0
fred/companies/F2K/2025/477,employees,4,213000.0
fred/companies/F2K/2025/477,employees,5,208000.0
fred/companies/F2K/2025/477,employees,6,204000.0
fred/companies/F2K/2025/477,employees,7,209000.0
fred/companies/F2K/2025/477,employees,8,208000.0
fred/companies/F2K/2025/477,employees,9,213000.0
fred/companies/F2K/2025/907,revenue,0,196710.0
fred/companies/F2K/2025/907,revenue,1,199835.88
fred/companies/F2K/2025/907,revenue,2,203083.44
fred/companies/F2K/2025/907,revenue,3,202068.89
fred/companies/F2K/2025/907,revenue,4,173477.88
fred/companies/F2K/2025/907,revenue,5,162147.27
fred/companies/F2K/2025/907,revenue,6,150313.0
fred/companies/F2K/2025/907,revenue,7,143202.39
fred/companies/F2K/2025/907,revenue,8,134242.0
fred/companies/F2K/2025/907,revenue,9,146815.6
fred/companies/F2K/2025/907,profits,0,46640.2
fred/companies/F2K/2025/907,profits,1,47007.52
fred/companies/F2K/2025/907,profits,2,48252.547
fred/companies/F2K/2025/907,profits,3,46887.297
fred/companies/F2K/2025/907,profits,4,39299.22
fred/companies/F2K/2025/907,profits,5,38914.766
fred/companies/F2K/2025/907,profits,6,38841.0
fred/companies/F2K/2025/907,profits,7,37203.08
fred/companies/F2K/2025/907,profits,8,34981.4
fred/companies/F2K/2025/907,profits,9,36393.44
fred/companies/F2K/2025/907,assets,0,5558262.0
fred/companies/F2K/2025/907,assets,1,5403799.5
fred/companies/F2K/2025/907,assets,2,4977475.5
fred/companies/F2K/2025/907,assets,3,4746951.0
fred/companies/F2K/2025/907,assets,4,4301699.5
fred/companies/F2K/2025/907,assets,5,3822047.5
fred/companies/F2K/2025/907,assets,6,3382422.0
fred/companies/F2K/2025/907,assets,7,3631583.2
fred/companies/F2K/2025/907,assets,8,3016578.0
fred/companies/F2K/2025/907,assets,9,2825983.0
fred/companies/F2K/2025/907,employees,0,376847.0
fred/companies/F2K/2025/907,employees,1,376871.0
fred/companies/F2K/2025/907,employees,2,352588.0
fred/companies/F2K/2025/907,employees,3,352621.0
fred/companies/F2K/2025/907,employees,4,352621.0
fred/companies/F2K/2025/907,employees,5,362482.0
fred/companies/F2K/2025/907,employees,6,369183.0
fred/companies/F2K/2025/80132,revenue,0,198019.0
fred/companies/F2K/2025/80132,revenue,1,193497.97
fred/companies/F2K/2025/80132,revenue,2,186143.72
fred/companies/F2K/2025/80132,revenue,3,181420.5
fred/companies/F2K/2025/80132,revenue,4,153919.81
fred/companies/F2K/2025/80132,revenue,5,148691.77
fred/companies/F2K/2025/80132,revenue,6,137456.0
fred/companies/F2K/2025/80132,revenue,7,129345.34
fred/companies/F2K/2025/80132,revenue,8,115698.0
fred/companies/F2K/2025/80132,revenue,9,131888.25
fred/companies/F2K/2025/80132,profits,0,39204.4
fred/companies/F2K/2025/80132,profits,1,37382.863
fred/companies/F2K/2025/80132,profits,2,37924.703
fred/companies/F2K/2025/80132,profits,3,37378.52
fred/companies/F2K/2025/80132,profits,4,31300.195
fred/companies/F2K/2025/80132,profits,5,30911.59
fred/companies/F2K/2025/80132,profits,6,30894.0
fred/companies/F2K/2025/80132,profits,7,29638.684
fred/companies/F2K/2025/80132,profits,8,27797.5
fred/companies/F2K/2025/80132,profits,9,28808.73
fred/companies/F2K/2025/80132,assets,0,5923640.0
fred/companies/F2K/2025/80132,assets,1,5832947.0
fred/companies/F2K/2025/80132,assets,2,5356861.5
fred/companies/F2K/2025/80132,assets,3,4561048.0
fred/companies/F2K/2025/80132,assets,4,4159920.2
fred/companies/F2K/2025/80132,assets,5,3697450.8
fred/companies/F2K/2025/80132,assets,6,3293105.0
fred/companies/F2K/2025/80132,assets,7,3439314.5
fred/companies/F2K/2025/80132,assets,8,2816039.0
fred/companies/F2K/2025/80132,assets,9,2739835.0
fred/companies/F2K/2025/80132,employees,0,451003.0
fred/companies/F2K/2025/80132,employees,1,452258.0
fred/companies/F2K/2025/80132,employees,2,455174.0
fred/companies/F2K/2025/80132,employees,3,459000.0
fred/companies/F2K/2025/80132,employees,4,464011.0
fred/companies/F2K/2025/80132,employees,5,473691.0
fred/companies/F2K/2025/80132,employees,6,487307.0
fred/companies/F2K/2025/80132,employees,7,496698.0
fred/companies/F2K/2025/80132,employees,8,503082.0
fred/companies/F2K/2025/103537,revenue,0,359314.0
fred/companies/F2K/2025/103537,revenue,1,317921.0
fred/companies/F2K/2025/103537,revenue,2,282845.0
fred/companies/F2K/2025/103537,revenue,3,257488.0
fred/companies/F2K/2025/103537,revenue,4,182350.0
fred/companies/F2K/2025/103537,revenue,5,166310.0
fred/companies/F2K/2025/103537,revenue,6,136958.0
fred/companies/F2K/2025/103537,revenue,7,117884.0
fred/companies/F2K/2025/103537,revenue,8,89920.0
fred/companies/F2K/2025/103537,revenue,9,77231.0
fred/companies/F2K/2025/103537,profits,0,110996.0
fred/companies/F2K/2025/103537,profits,1,82406.0
fred/companies/F2K/2025/103537,profits,2,58587.0
fred/companies/F2K/2025/103537,profits,3,76033.0
fred/companies/F2K/2025/103537,profits,4,40269.0
fred/companies/F2K/2025/103537,profits,5,34522.0
fred/companies/F2K/2025/103537,profits,6,30736.0
fred/companies/F2K/2025/103537,profits,7,16637.0
fred/companies/F2K/2025/103537,profits,8,19478.0
fred/companies/F2K/2025/103537,profits,9,17040.0
fred/companies/F2K/2025/103537,assets,0,475374.0
fred/companies/F2K/2025/103537,assets,1,407350.0
fred/companies/F2K/2025/103537,assets,2,369491.0
fred/companies/F2K/2025/103537,assets,3,359268.0
fred/companies/F2K/2025/103537,assets,4,319616.0
fred/companies/F2K/2025/103537,assets,5,273403.0
fred/companies/F2K/2025/103537,assets,6,232792.0
fred/companies/F2K/2025/103537,assets,7,206935.0
fred/companies/F2K/2025/103537,assets,8,167497.0
fred/companies/F2K/2025/103537,assets,9,149747.0
fred/companies/F2K/2025/103537,employees,0,183323.0
fred/companies/F2K/2025/103537,employees,1,182502.0
fred/companies/F2K/2025/103537,employees,2,190234.0
fred/companies/F2K/2025/103537,employees,3,156500.0
fred/companies/F2K/2025/103537,employees,4,135301.0
fred/companies/F2K/2025/103537,employees,5,118899.0
fred/companies/F2K/2025/103537,employees,6,98771.0
fred/companies/F2K/2025/103537,employees,7,80110.0
fred/companies/F2K/2025/103537,employees,8,72053.0
fred/companies/F2K/2025/103537,employees,9,61814.0
fred/companies/F2K/2025/2854,revenue,0,261802.0
fred/companies/F2K/2025/2854,revenue,1,236584.0
fred/companies/F2K/2025/2854,revenue,2,207591.0
fred/companies/F2K/2025/2854,revenue,3,184903.0
fred/companies/F2K/2025/2854,revenue,4,153284.0
fred/companies/F2K/2025/2854,revenue,5,138604.0
fred/companies/F2K/2025/2854,revenue,6,118224.0
fred/companies/F2K/2025/2854,revenue,7,103313.0
fred/companies/F2K/2025/2854,revenue,8,85270.0
fred/companies/F2K/2025/2854,revenue,9,86596.0
fred/companies/F2K/2025/2854,profits,0,92750.0
fred/companies/F2K/2025/2854,profits,1,86181.0
fred/companies/F2K/2025/2854,profits,2,69020.0
fred/companies/F2K/2025/2854,profits,3,71185.0
fred/companies/F2K/2025/2854,profits,4,51310.0
fred/companies/F2K/2025/2854,profits,5,46266.0
fred/companies/F2K/2025/2854,profits,6,33541.0
fred/companies/F2K/2025/2854,profits,7,14211.0
fred/companies/F2K/2025/2854,profits,8,16768.0
fred/companies/F2K/2025/2854,profits,9,10179.0
fred/companies/F2K/2025/2854,assets,0,533898.0
fred/companies/F2K/2025/2854,assets,1,484275.0
fred/companies/F2K/2025/2854,assets,2,380088.0
fred/companies/F2K/2025/2854,assets,3,340389.0
fred/companies/F2K/2025/2854,assets,4,304137.0
fred/companies/F2K/2025/2854,assets,5,285449.0
fred/companies/F2K/2025/2854,assets,6,258859.0
fred/companies/F2K/2025/2854,assets,7,245497.0
fred/companies/F2K/2025/2854,assets,8,224610.0
fred/companies/F2K/2025/2854,assets,9,181869.0
fred/companies/F2K/2025/2854,employees,0,228000.0
fred/companies/F2K/2025/2854,employees,1,221000.0
fred/companies/F2K/2025/2854,employees,2,221000.0
fred/companies/F2K/2025/2854,employees,3,181000.0
fred/companies/F2K/2025/2854,employees,4,163000.0
fred/companies/F2K/2025/2854,employees,5,144000.0
fred/companies/F2K/2025/2854,employees,6,131000.0
fred/companies/F2K/2025/2854,employees,7,73000.0
fred/companies/F2K/2025/2854,employees,8,114000.0
fred/companies/F2K/2025/2854,employees,9,118000.0
fred/companies/F2K/2025/280,revenue,0,395760.0
fred/companies/F2K/2025/280,revenue,1,381623.0
fred/companies/F2K/2025/280,revenue,2,385095.0
fred/companies/F2K/2025/280,revenue,3,378697.0
fred/companies/F2K/2025/280,revenue,4,293971.0
fred/companies/F2K/2025/280,revenue,5,267712.0
fred/companies/F2K/2025/280,revenue,6,261705.0
fred/companies/F2K/2025/280,revenue,7,247535.0
fred/companies/F2K/2025/280,revenue,8,217481.0
fred/companies/F2K/2025/280,revenue,9,233273.0
fred/companies/F2K/2025/280,profits,0,96150.0
fred/companies/F2K/2025/280,profits,1,100389.0
fred/companies/F2K/2025/280,profits,2,94321.0
fred/companies/F2K/2025/280,profits,3,100555.0
fred/companies/F2K/2025/280,profits,4,63930.0
fred/companies/F2K/2025/280,profits,5,57215.0
fred/companies/F2K/2025/280,profits,6,59431.0
fred/companies/F2K/2025/280,profits,7,53318.0
fred/companies/F2K/2025/280,profits,8,45217.0
fred/companies/F2K/2025/280,profits,9,53731.0
fred/companies/F2K/2025/280,assets,0,344085.0
fred/companies/F2K/2025/280,assets,1,337411.0
fred/companies/F2K/2025/280,assets,2,332160.0
fred/companies/F2K/2025/280,assets,3,381191.0
fred/companies/F2K/2025/280,assets,4,354054.0
fred/companies/F2K/2025/280,assets,5,320400.0
fred/companies/F2K/2025/280,assets,6,373719.0
fred/companies/F2K/2025/280,assets,7,367502.0
fred/companies/F2K/2025/280,assets,8,331141.0
fred/companies/F2K/2025/280,assets,9,293284.0
fred/companies/F2K/2025/280,employees,0,164000.0
fred/companies/F2K/2025/280,employees,1,161000.0
fred/companies/F2K/2025/280,employees,2,164000.0
fred/companies/F2K/2025/280,employees,3,154000.0
fred/companies/F2K/2025/280,employees,4,147000.0
fred/companies/F2K/2025/280,employees,5,137000.0
fred/companies/F2K/2025/280,employees,6,132000.0
fred/companies/F2K/2025/280,employees,7,80000.0
fred/companies/F2K/2025/280,employees,8,116000.0
fred/companies/F2K/2025/280,employees,9,110000.0
fred/companies/F2K/2025/480,revenue,0,177048.0
fred/companies/F2K/2025/480,revenue,1,173288.77
fred/companies/F2K/2025/480,revenue,2,158229.94
fred/companies/F2K/2025/480,revenue,3,152424.73
fred/companies/F2K/2025/480,revenue,4,134015.84
fred/companies/F2K/2025/480,revenue,5,135353.45
fred/companies/F2K/2025/480,revenue,6,126677.0
fred/companies/F2K/2025/480,revenue,7,118149.84
fred/companies/F2K/2025/480,revenue,8,113107.0
fred/companies/F2K/2025/480,revenue,9,122026.76
fred/companies/F2K/2025/480,profits,0,32301.6
fred/companies/F2K/2025/480,profits,1,32132.648
fred/companies/F2K/2025/480,profits,2,33226.07
fred/companies/F2K/2025/480,profits,3,33574.36
fred/companies/F2K/2025/480,profits,4,27945.764
fred/companies/F2K/2025/480,profits,5,27216.342
fred/companies/F2K/2025/480,profits,6,27500.0
fred/companies/F2K/2025/480,profits,7,26353.512
fred/companies/F2K/2025/480,profits,8,24856.6
fred/companies/F2K/2025/480,profits,9,27209.48
fred/companies/F2K/2025/480,assets,0,4855830.0
fred/companies/F2K/2025/480,assets,1,4657118.5
fred/companies/F2K/2025/480,assets,2,4421763.0
fred/companies/F2K/2025/480,assets,3,4192835.5
fred/companies/F2K/2025/480,assets,4,3731407.5
fred/companies/F2K/2025/480,assets,5,3387044.5
fred/companies/F2K/2025/480,assets,6,3097612.0
fred/companies/F2K/2025/480,assets,7,3204206.8
fred/companies/F2K/2025/480,assets,8,2611539.0
fred/companies/F2K/2025/480,assets,9,2589605.2
fred/companies/F2K/2025/480,employees,0,312757.0
fred/companies/F2K/2025/480,employees,1,306931.0
fred/companies/F2K/2025/480,employees,2,306182.0
fred/companies/F2K/2025/480,employees,3,306322.0
fred/companies/F2K/2025/480,employees,4,309084.0
fred/companies/F2K/2025/480,employees,5,311133.0
fred/companies/F2K/2025/480,employees,6,311133.0
fred/companies/F2K/2025/480,employees,7,308900.0
fred/companies/F2K/2025/480,employees,8,310042.0
fred/companies/F2K/2025/1530,revenue,0,339908.0
fred/companies/F2K/2025/1530,revenue,1,331921.0
fred/companies/F2K/2025/1530,revenue,2,393162.0
fred/companies/F2K/2025/1530,revenue,3,280510.0
fred/companies/F2K/2025/1530,revenue,4,178170.0
fred/companies/F2K/2025/1530,revenue,5,255995.0
fred/companies/F2K/2025/1530,revenue,6,279209.0
fred/companies/F2K/2025/1530,revenue,7,230055.0
fred/companies/F2K/2025/1530,revenue,8,197518.0
fred/companies/F2K/2025/1530,revenue,9,236810.0
fred/companies/F2K/2025/1530,profits,0,33680.0
fred/companies/F2K/2025/1530,profits,1,32800.0
fred/companies/F2K/2025/1530,profits,2,61690.0
fred/companies/F2K/2025/1530,profits,3,23040.0
fred/companies/F2K/2025/1530,profits,4,-22440.0
fred/companies/F2K/2025/1530,profits,5,14340.0
fred/companies/F2K/2025/1530,profits,6,20840.0
fred/companies/F2K/2025/1530,profits,7,20350.0
fred/companies/F2K/2025/1530,profits,8,7840.0
fred/companies/F2K/2025/1530,profits,9,16150.0
fred/companies/F2K/2025/1530,assets,0,453475.0
fred/companies/F2K/2025/1530,assets,1,377918.0
fred/companies/F2K/2025/1530,assets,2,369371.0
fred/companies/F2K/2025/1530,assets,3,338923.0
fred/companies/F2K/2025/1530,assets,4,332750.0
fred/companies/F2K/2025/1530,assets,5,362597.0
fred/companies/F2K/2025/1530,assets,6,346196.0
fred/companies/F2K/2025/1530,assets,7,348826.0
fred/companies/F2K/2025/1530,assets,8,330314.0
fred/companies/F2K/2025/1530,assets,9,336758.0
fred/companies/F2K/2025/1530,employees,0,61000.0
fred/companies/F2K/2025/1530,employees,1,62000.0
fred/companies/F2K/2025/1530,employees,2,62000.0
fred/companies/F2K/2025/1530,employees,3,63000.0
fred/companies/F2K/2025/1530,employees,4,72000.0
fred/companies/F2K/2025/1530,employees,5,74900.0
fred/companies/F2K/2025/1530,employees,6,71000.0
fred/companies/F2K/2025/1530,employees,7,71000.0
fred/companies/F2K/2025/1530,employees,8,72700.0
fred/companies/F2K/2025/1530,employees,9,75600.0
fred/companies/F2K/2025/4420,revenue,0,308566.0
fred/companies/F2K/2025/4420,revenue,1,311857.6
fred/companies/F2K/2025/4420,revenue,2,270486.84
fred/companies/F2K/2025/4420,revenue,3,281746.34
fred/companies/F2K/2025/4420,revenue,4,249369.98
fred/companies/F2K/2025/4420,revenue,5,280528.62
fred/companies/F2K/2025/4420,revenue,6,272144.0
fred/companies/F2K/2025/4420,revenue,7,265164.75
fred/companies/F2K/2025/4420,revenue,8,249902.0
fred/companies/F2K/2025/4420,revenue,9,235831.55
fred/companies/F2K/2025/4420,profits,0,33651.8
fred/companies/F2K/2025/4420,profits,1,34196.777
fred/companies/F2K/2025/4420,profits,2,18497.365
fred/companies/F2K/2025/4420,profits,3,28154.422
fred/companies/F2K/2025/4420,profits,4,14341.663
fred/companies/F2K/2025/4420,profits,5,22681.934
fred/companies/F2K/2025/4420,profits,6,17241.0
fred/companies/F2K/2025/4420,profits,7,22502.232
fred/companies/F2K/2025/4420,profits,8,17111.5
fred/companies/F2K/2025/4420,profits,9,19266.97
fred/companies/F2K/2025/4420,assets,0,602408.0
fred/companies/F2K/2025/4420,assets,1,595422.94
fred/companies/F2K/2025/4420,assets,2,542503.2
fred/companies/F2K/2025/4420,assets,3,552455.94
fred/companies/F2K/2025/4420,assets,4,561870.44
fred/companies/F2K/2025/4420,assets,5,495064.47
fred/companies/F2K/2025/4420,assets,6,465625.0
fred/companies/F2K/2025/4420,assets,7,473044.1
fred/companies/F2K/2025/4420,assets,8,412496.0
fred/companies/F2K/2025/4420,assets,9,406691.8
fred/companies/F2K/2025/4420,employees,0,380793.0
fred/companies/F2K/2025/4420,employees,1,372817.0
fred/companies/F2K/2025/4420,employees,2,366283.0
fred/companies/F2K/2025/4420,employees,3,359542.0
fred/companies/F2K/2025/4420,employees,4,370870.0
fred/companies/F2K/2025/4420,employees,5,369124.0
fred/companies/F2K/2025/4420,employees,6,136000.0
fred/companies/F2K/2025/4420,employees,7,348877.0
fred/companies/F2K/2025/2062,revenue,0,145245.0
fred/companies/F2K/2025/2062,revenue,1,144897.03
fred/companies/F2K/2025/2062,revenue,2,73976.09
fred/companies/F2K/2025/2062,revenue,3,59325.953
fred/companies/F2K/2025/2062,revenue,4,60625.82
fred/companies/F2K/2025/2062,revenue,5,67220.98
fred/companies/F2K/2025/2062,revenue,6,64294.0
fred/companies/F2K/2025/2062,revenue,7,63169.0
fred/companies/F2K/2025/2062,revenue,8,62087.0
fred/companies/F2K/2025/2062,revenue,9,70267.25
fred/companies/F2K/2025/2062,profits,0,22972.5
fred/companies/F2K/2025/2062,profits,1,22176.516
fred/companies/F2K/2025/2062,profits,2,22188.602
fred/companies/F2K/2025/2062,profits,3,12577.458
fred/companies/F2K/2025/2062,profits,4,3974.96
fred/companies/F2K/2025/2062,profits,5,3808.374
fred/companies/F2K/2025/2062,profits,6,13664.0
fred/companies/F2K/2025/2062,profits,7,10750.251
fred/companies/F2K/2025/2062,profits,8,2479.0
fred/companies/F2K/2025/2062,profits,9,13478.58
fred/companies/F2K/2025/2062,assets,0,3017048.0
fred/companies/F2K/2025/2062,assets,1,3000517.0
fred/companies/F2K/2025/2062,assets,2,2989696.0
fred/companies/F2K/2025/2062,assets,3,2957939.0
fred/companies/F2K/2025/2062,assets,4,2984164.0
fred/companies/F2K/2025/2062,assets,5,2917810.0
fred/companies/F2K/2025/2062,assets,6,2558124.0
fred/companies/F2K/2025/2062,assets,7,2652123.0
fred/companies/F2K/2025/2062,assets,8,2374986.0
fred/companies/F2K/2025/2062,assets,9,2409656.0
fred/companies/F2K/2025/2062,employees,0,211000.0
fred/companies/F2K/2025/2062,employees,1,221000.0
fred/companies/F2K/2025/2062,employees,2,219000.0
fred/companies/F2K/2025/2062,employees,3,220000.0
fred/companies/F2K/2025/2062,employees,4,235000.0
fred/companies/F2K/2025/2062,employees,5,235000.0
fred/companies/F2K/2025/2062,employees,6,228687.0
fred/companies/F2K/2025/2062,employees,7,228687.0
fred/companies/F2K/2025/2062,employees,8,235175.0
fred/companies/F2K/2025/4683,revenue,0,124003.0
fred/companies/F2K/2025/4683,revenue,1,120139.0
fred/companies/F2K/2025/4683,revenue,2,108934.0
fred/companies/F2K/2025/4683,revenue,3,84123.0
fred/companies/F2K/2025/4683,revenue,4,85902.0
fred/companies/F2K/2025/4683,revenue,5,98866.0
fred/companies/F2K/2025/4683,revenue,6,101456.0
fred/companies/F2K/2025/4683,revenue,7,102063.0
fred/companies/F2K/2025/4683,revenue,8,97573.0
fred/companies/F2K/2025/4683,revenue,9,91431.0
fred/companies/F2K/2025/4683,profits,0,19997.0
fred/companies/F2K/2025/4683,profits,1,18770.0
fred/companies/F2K/2025/4683,profits,2,14502.0
fred/companies/F2K/2025/4683,profits,3,20583.0
fred/companies/F2K/2025/4683,profits,4,7390.0
fred/companies/F2K/2025/4683,profits,5,14342.0
fred/companies/F2K/2025/4683,profits,6,23117.0
fred/companies/F2K/2025/4683,profits,7,21693.0
fred/companies/F2K/2025/4683,profits,8,21938.0
fred/companies/F2K/2025/4683,profits,9,22686.0
fred/companies/F2K/2025/4683,assets,0,1950311.0
fred/companies/F2K/2025/4683,assets,1,1959153.0
fred/companies/F2K/2025/4683,assets,2,1886400.0
fred/companies/F2K/2025/4683,assets,3,1939709.0
fred/companies/F2K/2025/4683,assets,4,1959543.0
fred/companies/F2K/2025/4683,assets,5,1981349.0
fred/companies/F2K/2025/4683,assets,6,1887792.0
fred/companies/F2K/2025/4683,assets,7,1915388.0
fred/companies/F2K/2025/4683,assets,8,1943443.0
fred/companies/F2K/2025/4683,assets,9,1849182.0
fred/companies/F2K/2025/4683,employees,0,217000.0
fred/companies/F2K/2025/4683,employees,1,226000.0
fred/companies/F2K/2025/4683,employees,2,238000.0
fred/companies/F2K/2025/4683,employees,3,247848.0
fred/companies/F2K/2025/4683,employees,4,268531.0
fred/companies/F2K/2025/4683,employees,5,259800.0
fred/companies/F2K/2025/4683,employees,6,258700.0
fred/companies/F2K/2025/4683,employees,7,262700.0
fred/companies/F2K/2025/4683,employees,8,269100.0
fred/companies/F2K/2025/4683,employees,9,264700.0
fred/companies/F2K/2025/4534,revenue,0,410057.0
fred/companies/F2K/2025/4534,revenue,1,379487.0
fred/companies/F2K/2025/4534,revenue,2,335944.0
fred/companies/F2K/2025/4534,revenue,3,297550.0
fred/companies/F2K/2025/4534,revenue,4,262916.0
fred/companies/F2K/2025/4534,revenue,5,246268.0
fred/companies/F2K/2025/4534,revenue,6,231367.0
fred/companies/F2K/2025/4534,revenue,7,207624.0
fred/companies/F2K/2025/4534,revenue,8,184871.0
fred/companies/F2K/2025/4534,revenue,9,165885.0
fred/companies/F2K/2025/4534,profits,0,22106.0
fred/companies/F2K/2025/4534,profits,1,15361.0
fred/companies/F2K/2025/4534,profits,2,20704.0
fred/companies/F2K/2025/4534,profits,3,17450.0
fred/companies/F2K/2025/4534,profits,4,16883.0
fred/companies/F2K/2025/4534,profits,5,13754.0
fred/companies/F2K/2025/4534,profits,6,12617.0
fred/companies/F2K/2025/4534,profits,7,11222.0
fred/companies/F2K/2025/4534,profits,8,7237.0
fred/companies/F2K/2025/4534,profits,9,6011.0
fred/companies/F2K/2025/4534,assets,0,309790.0
fred/companies/F2K/2025/4534,assets,1,284210.0
fred/companies/F2K/2025/4534,assets,2,283679.0
fred/companies/F2K/2025/4534,assets,3,221238.0
fred/companies/F2K/2025/4534,assets,4,205171.0
fred/companies/F2K/2025/4534,assets,5,189067.0
fred/companies/F2K/2025/4534,assets,6,161197.0
fred/companies/F2K/2025/4534,assets,7,155569.0
fred/companies/F2K/2025/4534,assets,8,125037.0
fred/companies/F2K/2025/4534,assets,9,117855.0
fred/companies/F2K/2025/4534,employees,0,400000.0
fred/companies/F2K/2025/4534,employees,1,439000.0
fred/companies/F2K/2025/4534,employees,2,400000.0
fred/companies/F2K/2025/4534,employees,3,350000.0
fred/companies/F2K/2025/4534,employees,4,330000.0
fred/companies/F2K/2025/4534,employees,5,325000.0
fred/companies/F2K/2025/4534,employees,6,300000.0
fred/companies/F2K/2025/4534,employees,7,260000.0
fred/companies/F2K/2025/4534,employees,8,230000.0
fred/companies/F2K/2025/4534,employees,9,200000.0
fred/companies/F2K/2025/4647,revenue,0,680985.0
fred/companies/F2K/2025/4647,revenue,1,657332.0
fred/companies/F2K/2025/4647,revenue,2,611289.0
fred/companies/F2K/2025/4647,revenue,3,572754.0
fred/companies/F2K/2025/4647,revenue,4,559151.0
fred/companies/F2K/2025/4647,revenue,5,523964.0
fred/companies/F2K/2025/4647,revenue,6,514405.0
fred/companies/F2K/2025/4647,revenue,7,500343.0
fred/companies/F2K/2025/4647,revenue,8,485252.0
fred/companies/F2K/2025/4647,revenue,9,482130.0
fred/companies/F2K/2025/4647,profits,0,19436.0
fred/companies/F2K/2025/4647,profits,1,18942.0
fred/companies/F2K/2025/4647,profits,2,11680.0
fred/companies/F2K/2025/4647,profits,3,13673.0
fred/companies/F2K/2025/4647,profits,4,13510.0
fred/companies/F2K/2025/4647,profits,5,14881.0
fred/companies/F2K/2025/4647,profits,6,6670.0
fred/companies/F2K/2025/4647,profits,7,9862.0
fred/companies/F2K/2025/4647,profits,8,13643.0
fred/companies/F2K/2025/4647,profits,9,14694.0
fred/companies/F2K/2025/4647,assets,0,260823.0
fred/companies/F2K/2025/4647,assets,1,254054.0
fred/companies/F2K/2025/4647,assets,2,243197.0
fred/companies/F2K/2025/4647,assets,3,244860.0
fred/companies/F2K/2025/4647,assets,4,252496.0
fred/companies/F2K/2025/4647,assets,5,236495.0
fred/companies/F2K/2025/4647,assets,6,219295.0
fred/companies/F2K/2025/4647,assets,7,204522.0
fred/companies/F2K/2025/4647,assets,8,198825.0
fred/companies/F2K/2025/4647,assets,9,199581.0
fred/companies/F2K/2025/4647,employees,0,2100000.0
fred/companies/F2K/2025/4647,employees,1,2100000.0
fred/companies/F2K/2025/4647,employees,2,2100000.0
fred/companies/F2K/2025/4647,employees,3,2300000.0
fred/companies/F2K/2025/4647,employees,4,2300000.0
fred/companies/F2K/2025/4647,employees,5,2200000.0
fred/companies/F2K/2025/4647,employees,6,2200000.0
fred/companies/F2K/2025/4647,employees,7,2300000.0
fred/companies/F2K/2025/4647,employees,8,2300000.0
fred/companies/F2K/2025/4647,employees,9,2300000.0
fred/companies/F2K/2025/3722,revenue,0,220631.0
fred/companies/F2K/2025/3722,revenue,1,202378.88
fred/companies/F2K/2025/3722,revenue,2,220069.34
fred/companies/F2K/2025/3722,revenue,3,244162.38
fred/companies/F2K/2025/3722,revenue,4,200702.97
fred/companies/F2K/2025/3722,revenue,5,197568.16
fred/companies/F2K/2025/3722,revenue,6,221506.0
fred/companies/F2K/2025/3722,revenue,7,224643.75
fred/companies/F2K/2025/3722,revenue,8,173995.0
fred/companies/F2K/2025/3722,revenue,9,177286.5
fred/companies/F2K/2025/3722,profits,0,24654.8
fred/companies/F2K/2025/3722,profits,1,14920.996
fred/companies/F2K/2025/3722,profits,2,34492.508
fred/companies/F2K/2025/3722,profits,3,34269.285
fred/companies/F2K/2025/3722,profits,4,22112.988
fred/companies/F2K/2025/3722,profits,5,18440.527
fred/companies/F2K/2025/3722,profits,6,39882.0
fred/companies/F2K/2025/3722,profits,7,40994.113
fred/companies/F2K/2025/3722,profits,8,19320.7
fred/companies/F2K/2025/3722,profits,9,16517.56
fred/companies/F2K/2025/3722,assets,0,349511.0
fred/companies/F2K/2025/3722,assets,1,349786.28
fred/companies/F2K/2025/3722,assets,2,348805.0
fred/companies/F2K/2025/3722,assets,3,358882.16
fred/companies/F2K/2025/3722,assets,4,348187.16
fred/companies/F2K/2025/3722,assets,5,304867.94
fred/companies/F2K/2025/3722,assets,6,304138.0
fred/companies/F2K/2025/3722,assets,7,293154.2
fred/companies/F2K/2025/3722,assets,8,217068.0
fred/companies/F2K/2025/3722,assets,9,206540.88
fred/companies/F2K/2025/3722,employees,0,129480.0
fred/companies/F2K/2025/3722,employees,1,113485.0
fred/companies/F2K/2025/3722,employees,2,109490.0
fred/companies/F2K/2025/3722,employees,3,105257.0
fred/companies/F2K/2025/3722,employees,4,308745.0
fred/companies/F2K/2025/3722,employees,5,308745.0
fred/companies/F2K/2025/3722,employees,6,93200.0
fred/companies/F2K/2025/1815,revenue,0,120090.0
fred/companies/F2K/2025/1815,revenue,1,116712.0
fred/companies/F2K/2025/1815,revenue,2,79453.0
fred/companies/F2K/2025/1815,revenue,3,62808.0
fred/companies/F2K/2025/1815,revenue,4,61843.0
fred/companies/F2K/2025/1815,revenue,5,53901.0
fred/companies/F2K/2025/1815,revenue,6,51009.0
fred/companies/F2K/2025/1815,revenue,7,43690.0
fred/companies/F2K/2025/1815,revenue,8,36854.0
fred/companies/F2K/2025/1815,revenue,9,32792.0
fred/companies/F2K/2025/1815,profits,0,14882.0
fred/companies/F2K/2025/1815,profits,1,9414.0
fred/companies/F2K/2025/1815,profits,2,10556.0
fred/companies/F2K/2025/1815,profits,3,18738.0
fred/companies/F2K/2025/1815,profits,4,15082.0
fred/companies/F2K/2025/1815,profits,5,7428.0
fred/companies/F2K/2025/1815,profits,6,9878.0
fred/companies/F2K/2025/1815,profits,7,4863.0
fred/companies/F2K/2025/1815,profits,8,7398.0
fred/companies/F2K/2025/1815,profits,9,4374.0
fred/companies/F2K/2025/1815,assets,0,1766000.0
fred/companies/F2K/2025/1815,assets,1,1698440.0
fred/companies/F2K/2025/1815,assets,2,1538349.0
fred/companies/F2K/2025/1815,assets,3,1589000.0
fred/companies/F2K/2025/1815,assets,4,1302000.0
fred/companies/F2K/2025/1815,assets,5,1090000.0
fred/companies/F2K/2025/1815,assets,6,925000.0
fred/companies/F2K/2025/1815,assets,7,973535.0
fred/companies/F2K/2025/1815,assets,8,860165.0
fred/companies/F2K/2025/1815,assets,9,861395.0
fred/companies/F2K/2025/1815,employees,0,46500.0
fred/companies/F2K/2025/1815,employees,1,45300.0
fred/companies/F2K/2025/1815,employees,2,48500.0
fred/companies/F2K/2025/1815,employees,3,43900.0
fred/companies/F2K/2025/1815,employees,4,40500.0
fred/companies/F2K/2025/1815,employees,5,38300.0
fred/companies/F2K/2025/1815,employees,6,36600.0
fred/companies/F2K/2025/1815,employees,7,36600.0
fred/companies/F2K/2025/1815,employees,8,34400.0
fred/companies/F2K/2025/1815,employees,9,36800.0
fred/companies/F2K/2025/15317,revenue,0,164500.0
fred/companies/F2K/2025/15317,revenue,1,142711.0
fred/companies/F2K/2025/15317,revenue,2,117346.0
fred/companies/F2K/2025/15317,revenue,3,117929.0
fred/companies/F2K/2025/15317,revenue,4,85966.0
fred/companies/F2K/2025/15317,revenue,5,73357.0
fred/companies/F2K/2025/15317,revenue,6,55838.0
fred/companies/F2K/2025/15317,revenue,7,44587.0
fred/companies/F2K/2025/15317,revenue,8,27638.0
fred/companies/F2K/2025/15317,revenue,9,17927.0
fred/companies/F2K/2025/15317,profits,0,62360.0
fred/companies/F2K/2025/15317,profits,1,45757.0
fred/companies/F2K/2025/15317,profits,2,21443.0
fred/companies/F2K/2025/15317,profits,3,39370.0
fred/companies/F2K/2025/15317,profits,4,29145.0
fred/companies/F2K/2025/15317,profits,5,20958.0
fred/companies/F2K/2025/15317,profits,6,22112.0
fred/companies/F2K/2025/15317,profits,7,17847.0
fred/companies/F2K/2025/15317,profits,8,9487.0
fred/companies/F2K/2025/15317,profits,9,3670.0
fred/companies/F2K/2025/15317,assets,0,276054.0
fred/companies/F2K/2025/15317,assets,1,222844.0
fred/companies/F2K/2025/15317,assets,2,184491.0
fred/companies/F2K/2025/15317,assets,3,165987.0
fred/companies/F2K/2025/15317,assets,4,159316.0
fred/companies/F2K/2025/15317,assets,5,138371.0
fred/companies/F2K/2025/15317,assets,6,97334.0
fred/companies/F2K/2025/15317,assets,7,88945.0
fred/companies/F2K/2025/15317,assets,8,64961.0
fred/companies/F2K/2025/15317,assets,9,49407.0
fred/companies/F2K/2025/15317,employees,0,74067.0
fred/companies/F2K/2025/15317,employees,1,67317.0
fred/companies/F2K/2025/15317,employees,2,86482.0
fred/companies/F2K/2025/15317,employees,3,71970.0
fred/companies/F2K/2025/15317,employees,4,58604.0
fred/companies/F2K/2025/15317,employees,5,44942.0
fred/companies/F2K/2025/15317,employees,6,35587.0
fred/companies/F2K/2025/15317,employees,7,25105.0
fred/companies/F2K/2025/15317,employees,8,17048.0
fred/companies/F2K/2025/15317,employees,9,12691.0
fred/companies/F2K/2025/985,revenue,0,168757.0
fred/companies/F2K/2025/985,revenue,1,163884.0
fred/companies/F2K/2025/985,revenue,2,120418.0
fred/companies/F2K/2025/985,revenue,3,79939.0
fred/companies/F2K/2025/985,revenue,4,84370.0
fred/companies/F2K/2025/985,revenue,5,104423.0
fred/companies/F2K/2025/985,revenue,6,99974.0
fred/companies/F2K/2025/985,revenue,7,90469.0
fred/companies/F2K/2025/985,revenue,8,84038.0
fred/companies/F2K/2025/985,revenue,9,85945.0
fred/companies/F2K/2025/985,profits,0,13250.0
fred/companies/F2K/2025/985,profits,1,7803.0
fred/companies/F2K/2025/985,profits,2,15024.0
fred/companies/F2K/2025/985,profits,3,18229.0
fred/companies/F2K/2025/985,profits,4,17068.0
fred/companies/F2K/2025/985,profits,5,17091.0
fred/companies/F2K/2025/985,profits,6,17928.0
fred/companies/F2K/2025/985,profits,7,-5838.0
fred/companies/F2K/2025/985,profits,8,14717.0
fred/companies/F2K/2025/985,profits,9,15771.0
fred/companies/F2K/2025/985,assets,0,2571514.0
fred/companies/F2K/2025/985,assets,1,2432510.0
fred/companies/F2K/2025/985,assets,2,2455113.0
fred/companies/F2K/2025/985,assets,3,2394105.0
fred/companies/F2K/2025/985,assets,4,2314266.0
fred/companies/F2K/2025/985,assets,5,2219770.0
fred/companies/F2K/2025/985,assets,6,1958413.0
fred/companies/F2K/2025/985,assets,7,1922104.0
fred/companies/F2K/2025/985,assets,8,1795099.0
fred/companies/F2K/2025/985,assets,9,1800967.0
fred/companies/F2K/2025/985,employees,0,229000.0
fred/companies/F2K/2025/985,employees,1,239000.0
fred/companies/F2K/2025/985,employees,2,240000.0
fred/companies/F2K/2025/985,employees,3,223400.0
fred/companies/F2K/2025/985,employees,4,210000.0
fred/companies/F2K/2025/985,employees,5,200000.0
fred/companies/F2K/2025/985,employees,6,204000.0
fred/companies/F2K/2025/985,employees,7,209000.0
fred/companies/F2K/2025/985,employees,8,219000.0
fred/companies/F2K/2025/985,employees,9,231000.0
fred/companies/F2K/2025/3661,revenue,0,283783.0
fred/companies/F2K/2025/3661,revenue,1,289740.7
fred/companies/F2K/2025/3661,revenue,2,365892.47
fred/companies/F2K/2025/3661,revenue,3,261760.81
fred/companies/F2K/2025/3661,revenue,4,170189.36
fred/companies/F2K/2025/3661,revenue,5,311561.56
fred/companies/F2K/2025/3661,revenue,6,382626.0
fred/companies/F2K/2025/3661,revenue,7,321765.8
fred/companies/F2K/2025/3661,revenue,8,234751.0
fred/companies/F2K/2025/3661,revenue,9,264870.56
fred/companies/F2K/2025/3661,profits,0,16120.1
fred/companies/F2K/2025/3661,profits,1,17909.416
fred/companies/F2K/2025/3661,profits,2,43513.066
fred/companies/F2K/2025/3661,profits,3,20265.443
fred/companies/F2K/2025/3661,profits,4,-22166.283
fred/companies/F2K/2025/3661,profits,5,9947.769
fred/companies/F2K/2025/3661,profits,6,23329.0
fred/companies/F2K/2025/3661,profits,7,15158.976
fred/companies/F2K/2025/3661,profits,8,4650.7
fred/companies/F2K/2025/3661,profits,9,2075.1
fred/companies/F2K/2025/3661,assets,0,387609.0
fred/companies/F2K/2025/3661,assets,1,402039.0
fred/companies/F2K/2025/3661,assets,2,429154.0
fred/companies/F2K/2025/3661,assets,3,404379.0
fred/companies/F2K/2025/3661,assets,4,379268.0
fred/companies/F2K/2025/3661,assets,5,393961.0
fred/companies/F2K/2025/3661,assets,6,399194.0
fred/companies/F2K/2025/3661,assets,7,410719.0
fred/companies/F2K/2025/3661,assets,8,411275.0
fred/companies/F2K/2025/3661,assets,9,340157.0
fred/companies/F2K/2025/3661,employees,0,104000.0
fred/companies/F2K/2025/3661,employees,1,106000.0
fred/companies/F2K/2025/3661,employees,2,93000.0
fred/companies/F2K/2025/3661,employees,3,82000.0
fred/companies/F2K/2025/3661,employees,4,87000.0
fred/companies/F2K/2025/3661,employees,5,83000.0
fred/companies/F2K/2025/3661,employees,6,81000.0
fred/companies/F2K/2025/3661,employees,7,29000.0
fred/companies/F2K/2025/3661,employees,8,89000.0
fred/companies/F2K/2025/3661,employees,9,93000.0
fred/companies/F2K/2025/2944,revenue,0,101275.0
fred/companies/F2K/2025/2944,revenue,1,99826.0
fred/companies/F2K/2025/2944,revenue,2,74161.0
fred/companies/F2K/2025/2944,revenue,3,60216.0
fred/companies/F2K/2025/2944,revenue,4,56690.0
fred/companies/F2K/2025/2944,revenue,5,53000.0
fred/companies/F2K/2025/2944,revenue,6,50870.0
fred/companies/F2K/2025/2944,revenue,7,45587.0
fred/companies/F2K/2025/2944,revenue,8,37913.0
fred/companies/F2K/2025/2944,revenue,9,32130.0
fred/companies/F2K/2025/2944,profits,0,14293.0
fred/companies/F2K/2025/2944,profits,1,9519.0
fred/companies/F2K/2025/2944,profits,2,10343.0
fred/companies/F2K/2025/2944,profits,3,14580.0
fred/companies/F2K/2025/2944,profits,4,13418.0
fred/companies/F2K/2025/2944,profits,5,8311.0
fred/companies/F2K/2025/2944,profits,6,8509.0
fred/companies/F2K/2025/2944,profits,7,6892.0
fred/companies/F2K/2025/2944,profits,8,5975.0
fred/companies/F2K/2025/2944,profits,9,4865.0
fred/companies/F2K/2025/2944,assets,0,1300296.0
fred/companies/F2K/2025/2944,assets,1,1228503.0
fred/companies/F2K/2025/2944,assets,2,1199904.0
fred/companies/F2K/2025/2944,assets,3,1222233.0
fred/companies/F2K/2025/2944,assets,4,1158772.0
fred/companies/F2K/2025/2944,assets,5,896823.0
fred/companies/F2K/2025/2944,assets,6,875964.0
fred/companies/F2K/2025/2944,assets,7,858495.0
fred/companies/F2K/2025/2944,assets,8,815992.0
fred/companies/F2K/2025/2944,assets,9,807715.0
fred/companies/F2K/2025/2944,employees,0,80000.0
fred/companies/F2K/2025/2944,employees,1,80000.0
fred/companies/F2K/2025/2944,employees,2,82427.0
fred/companies/F2K/2025/2944,employees,3,74814.0
fred/companies/F2K/2025/2944,employees,4,68000.0
fred/companies/F2K/2025/2944,employees,5,60431.0
fred/companies/F2K/2025/2944,employees,6,60348.0
fred/companies/F2K/2025/2944,employees,7,57633.0
fred/companies/F2K/2025/2944,employees,8,55311.0
fred/companies/F2K/2025/2944,employees,9,56218.0
fred/companies/F2K/2025/166,revenue,0,167471.0
fred/companies/F2K/2025/166,revenue,1,148179.5
fred/companies/F2K/2025/166,revenue,2,134259.86
fred/companies/F2K/2025/166,revenue,3,138616.81
fred/companies/F2K/2025/166,revenue,4,129859.05
fred/companies/F2K/2025/166,revenue,5,122405.51
fred/companies/F2K/2025/166,revenue,6,118843.0
fred/companies/F2K/2025/166,revenue,7,122548.96
fred/companies/F2K/2025/166,revenue,8,115725.0
fred/companies/F2K/2025/166,revenue,9,115424.24
fred/companies/F2K/2025/166,profits,0,10587.6
fred/companies/F2K/2025/166,profits,1,9741.732
fred/companies/F2K/2025/166,profits,2,7081.465
fred/companies/F2K/2025/166,profits,3,7812.894
fred/companies/F2K/2025/166,profits,4,7759.806
fred/companies/F2K/2025/166,profits,5,8857.734
fred/companies/F2K/2025/166,profits,6,8803.0
fred/companies/F2K/2025/166,profits,7,7673.339
fred/companies/F2K/2025/166,profits,8,7614.0
fred/companies/F2K/2025/166,profits,9,7337.73
fred/companies/F2K/2025/166,assets,0,1081660.0
fred/companies/F2K/2025/166,assets,1,1056838.0
fred/companies/F2K/2025/166,assets,2,1139492.1
fred/companies/F2K/2025/166,assets,3,1324619.6
fred/companies/F2K/2025/166,assets,4,1357537.2
fred/companies/F2K/2025/166,assets,5,1183532.5
fred/companies/F2K/2025/166,assets,6,1060217.0
fred/companies/F2K/2025/166,assets,7,1128585.1
fred/companies/F2K/2025/166,assets,8,935871.0
fred/companies/F2K/2025/166,assets,9,926156.56
fred/companies/F2K/2025/166,employees,0,154346.0
fred/companies/F2K/2025/166,employees,1,158568.0
fred/companies/F2K/2025/166,employees,2,157332.0
fred/companies/F2K/2025/166,employees,3,152840.0
fred/companies/F2K/2025/166,employees,4,148737.0
fred/companies/F2K/2025/166,employees,5,147268.0
fred/companies/F2K/2025/166,employees,6,142460.0
fred/companies/F2K/2025/166,employees,7,140253.0
fred/companies/F2K/2025/166,employees,8,140253.0
fred/companies/F2K/2025/166,employees,9,142459.0
fred/companies/F2K/2025/3657,revenue,0,98418.0
fred/companies/F2K/2025/3657,revenue,1,90125.11
fred/companies/F2K/2025/3657,revenue,2,60216.58
fred/companies/F2K/2025/3657,revenue,3,45239.176
fred/companies/F2K/2025/3657,revenue,4,42869.9
fred/companies/F2K/2025/3657,revenue,5,50849.664
fred/companies/F2K/2025/3657,revenue,6,46276.0
fred/companies/F2K/2025/3657,revenue,7,40490.656
fred/companies/F2K/2025/3657,revenue,8,35285.0
fred/companies/F2K/2025/3657,revenue,9,33090.08
fred/companies/F2K/2025/3657,profits,0,12900.4
fred/companies/F2K/2025/3657,profits,1,11284.996
fred/companies/F2K/2025/3657,profits,2,11398.233
fred/companies/F2K/2025/3657,profits,3,12997.993
fred/companies/F2K/2025/3657,profits,4,8794.036
fred/companies/F2K/2025/3657,profits,5,9956.968
fred/companies/F2K/2025/3657,profits,6,9642.0
fred/companies/F2K/2025/3657,profits,7,8837.225
fred/companies/F2K/2025/3657,profits,8,8348.5
fred/companies/F2K/2025/3657,profits,9,7650.53
fred/companies/F2K/2025/3657,assets,0,1512878.0
fred/companies/F2K/2025/3657,assets,1,1477792.8
fred/companies/F2K/2025/3657,assets,2,1448659.6
fred/companies/F2K/2025/3657,assets,3,1377943.9
fred/companies/F2K/2025/3657,assets,4,1308192.9
fred/companies/F2K/2025/3657,assets,5,1116255.6
fred/companies/F2K/2025/3657,assets,6,1040286.0
fred/companies/F2K/2025/3657,assets,7,1040286.06
fred/companies/F2K/2025/3657,assets,8,891096.0
fred/companies/F2K/2025/3657,assets,9,852977.06
fred/companies/F2K/2025/3657,employees,0,94838.0
fred/companies/F2K/2025/3657,employees,1,91398.0
